Documento,Nombre,Apellidos,Edad,Nacionalidad,Género
1234567890,Juan,Perez,30,Colombiana,Masculino
1234567890,Juan,Perez,30,Colombiana,Masculino
1234567890,Juan,Perez,30,Colombiana,Masculino
1234567890,Juan,Perez,30,Colombiana,Masculino
1234567890,Juan,Perez,30,Colombiana,Masculino
1234567890,Juan,Perez,30,Colombiana,Masculino
1234567890,Juan,Perez,30,Colombiana,Masculino
1234567890,Juan,Perez,30,Colombiana,Masculino
1234567890,Juan,Perez,30,Colombiana,Masculino
1234567890,Juan,Perez,30,Colombiana,Masculino
1234567890,Juan,Perez,30,Colombiana,Masculino
1234567890,Juan,Perez,30,Colombiana,Masculino
1234567890,Juan,Perez,30,Colombiana,Masculino
1234567890,Juan,Perez,30,Colombiana,Masculino
1234567890,Juan,Perez,30,Colombiana,Masculino
1234567890,Juan,Perez,30,Colombiana,Masculino
1234567890,Juan,Perez,30,Colombiana,Masculino
1234567890,Juan,Perez,30,Colombiana,Masculino
1234567890,Juan,Perez,30,Colombiana,Masculino
1234567890,Juan,Perez,30,Colombiana,Masculino
1234567890,Juan,Perez,30,Colombiana,Masculino
1234567890,Juan,Perez,30,Colombiana,Masculino
1234567890,Juan,Perez,30,Colombiana,Masculino
1234567890,Juan,Perez,30,Colombiana,Masculino
1234567890,Juan,Perez,30,Colombiana,Masculino
1234567890,Juan,Perez,30,Colombiana,Masculino
1234567890,Juan,Perez,30,Colombiana,Masculino
1234567890,Juan,Perez,30,Colombiana,Masculino
1234567890,Juan,Perez,30,Colombiana,Masculino
1234567890,Juan,Perez,30,Colombiana,Masculino
1234567890,Juan,Perez,30,Colombiana,Masculino
1234567890,Juan,Perez,30,Colombiana,Masculino
1234567890,Juan,Perez,30,Colombiana,Masculino
1234567890,Juan,Perez,30,Colombiana,Masculino
1234567890,Juan,Perez,30,Colombiana,Masculino
1234567890,Juan,Perez,30,Colombiana,Masculino
1234567890,Juan,Perez,30,Colombiana,Masculino
1234567890,Juan,Perez,30,Colombiana,Masculino
1234567890,Juan,Perez,30,Colombiana,Masculino
1234567890,Juan,Perez,30,Colombiana,Masculino
1234567890,Juan,Perez,30,Colombiana,Masculino
1234567890,Juan,Perez,30,Colombiana,Masculino
1234567890,Juan,Perez,30,Colombiana,Masculino
1234567890,Juan,Perez,30,Colombiana,Masculino
1234567890,Juan,Perez,30,Colombiana,Masculino
1234567890,Juan,Perez,30,Colombiana,Masculino
1234567890,Juan,Perez,30,Colombiana,Masculino
1234567890,Juan,Perez,30,Colombiana,Masculino
1234567890,Juan,Perez,30,Colombiana,Masculino
1234567890,Juan,Perez,30,Colombiana,Masculino
1234567890,Juan,Perez,30,Colombiana,Masculino
